 [
    {
    "resultado:": {
      "bandeira": "🇧🇷",
      "nome": "Brasil"
    }
    },
  {
    "resultado:": {
      "bandeira": "🇬🇦",
      "nome": "Gabão"
    }
  },
{
     "resultado:": {
      "bandeira": "🇨🇦",
      "nome": "Canadá"
    }
},
{
 "resultado:": {
      "bandeira": "🇨🇱",
      "nome": "Chile"
    }
},
{
 "resultado:": {
      "bandeira": "🇩🇪",
      "nome": "Alemanha"
    }
},
{
    "resultado:": {
      "bandeira": "🇫🇷",
      "nome": "França"
    }
    },
  {
    "resultado:": {
      "bandeira": "🇭🇺",
      "nome": "Hungria"
    }
  },
{
     "resultado:": {
      "bandeira": "🇯🇵",
      "nome": "Japão"
     }
    },  
{
 "resultado:": {
      "bandeira": "🇵🇷",
      "nome": "Porto Rico"
 }
    },  
{
 "resultado:": {
      "bandeira": "🇯🇲",
      "nome": "Jamaica"
 }
    },
   {
    "resultado:": {
      "bandeira": "🇺🇦",
      "nome":"Ucrânia"
    }
    }, 
  {
    "resultado:": {
      "bandeira": "🇮🇪",
      "nome": "Irlanda"
    }
    },
{
     "resultado:": {
      "bandeira": "🇩🇰",
      "nome": "Dinamarca"
     }
    },  
{
 "resultado:": {
      "bandeira": "🇷🇺",
      "nome": "Rússia"
 }
    },
{
 "resultado:": {
      "bandeira": "🇵🇭",
      "nome": "Filipinas"
 }
    },
   {
    "resultado:": {
      "bandeira": "🇭🇳",
      "nome": "Honduras"
    }
    }, 
  {
    "resultado:": {
      "bandeira": "🇳🇱",
      "nome": "Holanda"
    }
    },
{
     "resultado:": {
      "bandeira": "🇨🇭",
      "nome": "Suíça"
     }
    },  
{
 "resultado:": {
      "bandeira": "🇮🇳",
      "nome": "Índia"
 }
    },  
{
 "resultado:": {
      "bandeira": "🇰🇷",
      "nome": "Coréia do Sul"
 }
    },
 {
   "resultado:":{ 
     "bandeira": "🏴󠁧󠁢󠁷󠁬󠁳󠁿",
     "nome":"País de Gales"
 }
 },
     {
    "resultado:": {
      "bandeira": "🇦🇷",
      "nome": "Argentina"
    } 
    },
  {
    "resultado:": {
      "bandeira": "🇩🇿",
      "nome": "Argélia"
    }
  },
{
     "resultado:": {
      "bandeira": "🇲🇦",
      "nome": "Marrocos"
    }
},
{
 "resultado:": {
      "bandeira": "🇳🇬",
      "nome": "Nigéria"
    }
},
{
 "resultado:": {
      "bandeira": "🇮🇸",
      "nome": "Islândia"
    }
},
{
    "resultado:": {
      "bandeira": "🇮🇶",
      "nome": "Egito"
    }
    },
  {
    "resultado:": {
      "bandeira": "🇭🇺",
      "nome": "Hungria"
    }
  },
{
     "resultado:": {
      "bandeira": "🇸🇪",
      "nome": "Suécia"
     }
    },  
{
 "resultado:": {
      "bandeira": "🇮🇱",
      "nome": "Israel"
 }
    },  
{
 "resultado:": {
      "bandeira": "🇵🇦",
      "nome": "Panamá"
 } 
    },
   {
    "resultado:": {
      "bandeira": "🇻🇪",
      "nome": "Venezuela"
    }
    }, 
  {
    "resultado:": {
      "bandeira": "🇨🇴",
      "nome": "Colômbia"
    }
    },
{
     "resultado:": {
      "bandeira": "🇸🇻",
      "nome": "El Salvador"
     }
    },  
{
 "resultado:": {
      "bandeira": "🇵🇹",
      "nome": "Portugal"
 }
    },
{
 "resultado:": {
      "bandeira": "🏴󠁧󠁢󠁥󠁮󠁧󠁿",
      "nome": "Inglaterra"
 }
    },
   {
    "resultado:": {
      "bandeira": "🇿🇦",
      "nome": "África do Sul"
    }
    }, 
  {
    "resultado:": {
      "bandeira": "🇨🇳",
      "nome": "China"
    }
    },
{
     "resultado:": {
      "bandeira": "🇪🇸",
      "nome": "Espanha"
     }
    },  
{
 "resultado:": {
      "bandeira": "🇲🇦",
      "nome": "Marrocos"
 }
    },  
{
 "resultado:": {
      "bandeira": "🇦🇱",
      "nome": "Albânia"
 }
    }, 
 {
   "resultado:":{ 
     "bandeira": "🇳🇴",
     "nome":"Noruega"
 }
 }
]