[
  {
    "resultado":{
      "personagem":"https://encrypted-tbn0.gstatic.com/images?q=tbn:ANd9GcTomtJsOwmdzWcZpJYCf2n9m734vAVPKk55KA&usqp=CAU",
      "resposta":"Naofumi"
    }
  },
  {
    "resultado":{
      "personagem":"https://encrypted-tbn0.gstatic.com/images?q=tbn:ANd9GcQZjZ-SdhYcvC4Gl5xR7c_mlVkgDLCTgfokKw&usqp=CAU",
      "resposta":"Meliodas"
    }
  },
  {
    "resultado":{
      "personagem":"https://encrypted-tbn0.gstatic.com/images?q=tbn:ANd9GcQCGne-8g-yIzw2jDID8TvHB9SRZgtKR_RdfQ&usqp=CAU",
      "resposta":"Migi"
    }
  },
  {
    "resultado":{
      "personagem":"https://encrypted-tbn0.gstatic.com/images?q=tbn:ANd9GcRb7f2QWFTf37N0SIxj2abNXJQjeP_Ffqmyw3AbHCA8Xcfn5Wv2YKwywBQR&s=10",
      "resposta":"Elisabeth"
    }
  },
  {
    "resultado":{
      "personagem":"https://encrypted-tbn0.gstatic.com/images?q=tbn:ANd9GcT2huQvzl3h97guJ_QShf-koZHNIV9WUwvT9Q&usqp=CAU",
      "resposta":"Gilthunder"
    }
  },
  {
    "resultado":{
      "personagem":"https://encrypted-tbn0.gstatic.com/images?q=tbn:ANd9GcTaK-kroUTFkKEk_OOAsaWgifkYrUukEAiLsONlCgU-CMezwkMZVwtvOoI&s=10",
      "resposta":"Jotaro"
    }
  },
  {
    "resultado":{
      "personagem":"https://encrypted-tbn0.gstatic.com/images?q=tbn:ANd9GcQl8O0W89yJwudLOX8Kz-gK4YJ2v53GJ-QG6vdKekrSF3seLyax5AIO_T2p&s=10",
      "resposta":"Kakyoin"
    }
  },
  {
    "resultado":{
      "personagem":"https://encrypted-tbn0.gstatic.com/images?q=tbn:ANd9GcRH45uTSOml9l7_8uI0LT3acOm4xR7Gk6SLLVixNvvF3AWn9ErVeBv6pAR2&s=10",
      "resposta":"Josuke"
    }
  },
  {
    "resultado":{
      "personagem":"https://encrypted-tbn0.gstatic.com/images?q=tbn:ANd9GcREJLKI9lta3WnNTSkKtQ5RTqTGGCey7vKigg&usqp=CAU",
      "resposta":"Tachibana"
    }
  },
  {
    "resultado":{
      "resposta":"Tanjiro",
      "personagem":"https://telegra.ph/file/e32f7ed6ac9dd7f97188d.jpg"
    }
  },
  {
    "resultado":{
      "resposta":"Inosuke",
      "personagem":"https://telegra.ph/file/ce644b1484a389a22f847.jpg"
    }
  },
  {
    "resultado":{
      "resposta":"Baki",
      "personagem":"https://telegra.ph/file/8e90a4e212e66a47f9155.jpg"
    }
  },
  {
    "resultado":{
      "resposta":"Nagatoro",
      "personagem":"https://telegra.ph/file/dfa97e3fa219167107e82.jpg"
    }
  },
  {
    "resultado":{
      "resposta":"Sasuke",
      "personagem":"https://telegra.ph/file/261d78e56a8d85459e3f8.jpg"
    }
  },
  {
    "resultado":{
      "resposta":"Sakura",
      "personagem":"https://telegra.ph/file/dcc8c6088f961da9dfb2b.jpg"
    }
  },
  {
    "resultado":{
      "resposta":"Madara",
      "personagem":"https://telegra.ph/file/f55617e9654584c8346f5.jpg"
    }
  },
  {
    "resultado":{
      "resposta":"Itachi",
      "personagem":"https://telegra.ph/file/34bb04769bcaf25ffe193.jpg"
    }
  },
  {
    "resultado":{
      "resposta":"Nezuko",
      "personagem":"https://telegra.ph/file/18720a2c802ee5b90d467.jpg"
    }
  },
  {
    "resultado":{
      "resposta":"Zenitsu",
      "personagem":"https://telegra.ph/file/9e4567d6ec2e4b5dc59cc.jpg"
    }
  },
  {
    "resultado":{
      "resposta":"Miyo",
      "personagem":"https://telegra.ph/file/288c10e4b332b6ed46ef6.jpg"
    }
  },
  {
    "resultado":{
      "resposta":"Hinode",
      "personagem":"https://telegra.ph/file/4fee452f13ab7357f22d9.jpg"
    }
  },
  {
    "resultado":{
      "resposta":"Mikasa",
      "personagem":"https://telegra.ph/file/5244608760f2c001ff39e.jpg"
    }
  },
  {
    "resultado":{
      "resposta":"Levi",
      "personagem":"https://telegra.ph/file/0796c8bf80ab2ddb9c09e.jpg"
    }
  },
  {
    "resultado":{
      "resposta":"Eren",
      "personagem":"https://telegra.ph/file/40f9f6c23e7d48eaf59d9.jpg"
    }
  },
  {
    "resultado":{
      "resposta":"Armin",
      "personagem":"https://telegra.ph/file/40f9f6c23e7d48eaf59d9.jpg"
    }
  },
  {
    "resultado":{
      "resposta":"Jean",
      "personagem":"https://telegra.ph/file/4738e5636c40b2c405737.jpg"
    }
  },
  {
    "resultado":{
      "resposta":"Historia",
      "personagem":"https://telegra.ph/file/277c7464fad5f5549c5ff.jpg"
    }
  },
  {
    "resultado":{
      "resposta":"Annie",
      "personagem":"https://telegra.ph/file/8309495851f84b2ddcb2a.jpg"
    }
  },
  {
    "resultado":{
      "resposta":"Reiner",
      "personagem":"https://telegra.ph/file/65726e7c17524659f813a.jpg"
    }
  },
  {
    "resultado":{
      "resposta":"Tomioka",
      "personagem":"https://telegra.ph/file/e124f87fae71b1aae4ff9.jpg"
    }
  },
  {
    "resultado":{
      "resposta":"Asta",
      "personagem":"https://telegra.ph/file/b7b37b79e1da45e9bc913.jpg"
    }
  },
  {
    "resultado":{
      "resposta":"Noelle",
      "personagem":"https://telegra.ph/file/a1c9d371e6e32914b7bf1.jpg"
    }
  },
  {
    "resultado":{
      "resposta":"Ochaco",
      "personagem":"https://telegra.ph/file/6cce9d9180769b62cb04e.jpg"
    }
  },
  {
    "resultado":{
      "resposta":"Himiko",
      "personagem":"https://telegra.ph/file/33637e4009a0575c66159.jpg"
    }
  },
  {
    "resultado":{
      "resposta":"Tsuyu",
      "personagem":"https://telegra.ph/file/a37d733b55305fb2ee099.jpg"
    }
  },
  {
    "resultado":{
      "resposta":"Shoto",
      "personagem":"https://telegra.ph/file/02d783d0f9694474160dd.jpg"
    }
  },
  {
    "resultado":{
      "resposta":"Izuko",
      "personagem":"https://telegra.ph/file/be686d8c19ef9289d4cbc.jpg"
    }
  },
  {
    "resultado":{
      "resposta":"Katsuki",
      "personagem":"https://telegra.ph/file/be686d8c19ef9289d4cbc.jpg"
    }
  },
  {
    "resultado":{
      "resposta":"Kasuma",
      "personagem":"https://telegra.ph/file/12deda5db9d0b600cc3a2.jpg"
    }
  },
  {
    "resultado":{
      "resposta":"Megumin",
      "personagem":"https://telegra.ph/file/21769e4cff4ddcc9a28d7.jpg"
    }
  },
  {
    "resultado":{
      "resposta":"Aqua",
      "personagem":"https://telegra.ph/file/f1d83deac335d83339fed.jpg"
    }
  },
  {
    "resultado":{
      "resposta":"Subaru",
      "personagem":"https://telegra.ph/file/4be9844aae79d7142fa4b.jpg"
    }
  },
  {
    "resultado":{
      "resposta":"Petra",
      "personagem":"https://telegra.ph/file/317823553e3ae0c7c6c6d.jpg"
    }
  },
  {
    "resultado":{
      "resposta":"Rem",
      "personagem":"https://telegra.ph/file/bcffb6ac47d5c9a750dae.jpg"
    }
  },
  {
    "resultado":{
      "resposta":"Felix",
      "personagem":"https://telegra.ph/file/37a6bdfbc8588104da74d.jpg"
    }
  },
  {
    "resultado":{
      "resposta":"Otto",
      "personagem":"https://telegra.ph/file/abcc3c23c352a5a637325.jpg"
    }
  },
  {
    "resultado":{
      "resposta":"Frederica",
      "personagem":"https://telegra.ph/file/190eb95737802c66ee13c.jpg"
    }
  },
  {
    "resultado":{
      "resposta":"Diane",
      "personagem":"https://telegra.ph/file/b77bf17e5270e121c6919.jpg"
    }
  },
  {
    "resultado":{
      "resposta":"Ban",
      "personagem":"https://telegra.ph/file/220f855f6f7bac2181cd3.jpg"
    }
  },
  {
    "resultado":{
      "resposta":"King",
      "personagem":"https://telegra.ph/file/fd3c7036e838d371a293a.jpg"
    }
  },
  {
    "resultado":{
      "resposta":"Gowther",
      "personagem":"https://telegra.ph/file/bc75736c117a4f275143c.jpg"
    }
  },
  {
    "resultado":{
      "resposta":"Merlin",
      "personagem":"https://telegra.ph/file/eada815d1f3b5478827ce.jpg"
    }
  },
  {
    "resultado":{
      "resposta":"Escanor",
      "personagem":"https://telegra.ph/file/658f2a4fcf727464c1e5b.jpg"
    }
  },
  {
    "resultado":{
      "resposta":"Otonashi",
      "personagem":"https://encrypted-tbn0.gstatic.com/images?q=tbn:ANd9GcQ82d5Kck4R8fuaRaPyIiLy_0_pZidcp9gEJD95tvt4NUXiDhGnt16QMjg&s=10"
    }
  },
  {
    "resultado":{
      "resposta":"Sukuna",
      "personagem":"https://encrypted-tbn0.gstatic.com/images?q=tbn:ANd9GcSFNoK_mvSuwAFHobc5pdrzIuLxA8ZihKlo4JrqrZDaQOXwBFvyedwy4LQ&s=10"
    }
  },
  {
    "resultado":{
      "resposta":"Itadori",
      "personagem":"https://uploads.spiritfanfiction.com/historias/capas/202107/querer--imagine-yuji-itadori-22746417-290720212347.jpg"
    }
  },
  {
    "resultado":{
      "resposta":"Gojo",
      "personagem":"https://encrypted-tbn0.gstatic.com/images?q=tbn:ANd9GcQhPJ-_ZE3Miny9T5dJvm09IG1Q24xNTWOuIg&usqp=CAU"
    }
  },
  {
    "resultado":{
      "resposta":"Ichigo",
      "personagem":"https://encrypted-tbn0.gstatic.com/images?q=tbn:ANd9GcRPTv-lO8gO_AvqXx5n-RzPgm5bNUK3GNwmSRMS6ZKsOcFGTLeVVUTSHyk&s=10"
    }
  },
  {
    "resultado":{
      "resposta":"Light",
      "personagem":"https://encrypted-tbn0.gstatic.com/images?q=tbn:ANd9GcQk19osF_2qDnwmrUhkRTxyywY7CNfQiJjZX2cBkcP9JJpK4tI4XIyTlWo&s=10"
    }
  },
  {
    "resultado":{
      "resposta":"Killua",
      "personagem":"https://encrypted-tbn0.gstatic.com/images?q=tbn:ANd9GcRVG4knhXma4NVpt29lIhPGysrv5RVVJ9n3jg&usqp=CAU"
    }
  },
  {
    "resultado":{
      "resposta":"Diane",
      "personagem":"https://telegra.ph/file/b77bf17e5270e121c6919.jpg"
    }
  },
  {
    "resultado":{
      "resposta":"Ban",
      "personagem":"https://telegra.ph/file/220f855f6f7bac2181cd3.jpg"
    }
  },
  {
    "resultado":{
      "resposta":"King",
      "personagem":"https://telegra.ph/file/fd3c7036e838d371a293a.jpg"
    }
  },
  {
    "resultado":{
      "resposta":"Gowther",
      "personagem":"https://telegra.ph/file/bc75736c117a4f275143c.jpg"
    }
  },
  {
    "resultado":{
      "resposta":"Merlin",
      "personagem":"https://telegra.ph/file/eada815d1f3b5478827ce.jpg"
    }
  },
  {
    "resultado":{
      "resposta":"Escanor",
      "personagem":"https://telegra.ph/file/658f2a4fcf727464c1e5b.jpg"
    }
  }
]